Fund Name,P1,P2,P3,P4,P5,Topsis Score,Rank
M1,0.7,0.49,3.9,51.4,14.12,0.4317364371769943,5
M2,0.8,0.64,4.0,68.2,18.41,0.34406032832672656,7
M3,0.66,0.44,4.0,53.9,14.75,0.38177009200519957,6
M4,0.71,0.5,5.2,49.9,14.08,0.5342591642124108,4
M5,0.74,0.55,6.8,41.5,12.4,0.6896054841548565,2
M6,0.73,0.53,3.0,69.1,18.34,0.2454130648771927,8
M7,0.87,0.76,5.7,48.2,13.88,0.7190694049330412,1
M8,0.66,0.44,6.5,44.7,13.08,0.6032396829879398,3
